{
  "project_info": {
    "project_number": "730160629259",
    "firebase_url": "https://newerfragment-74335-default-rtdb.firebaseio.com",
    "project_id": "newerfragment-74335",
    "storage_bucket": "newerfragment-74335.appspot.com"
  },
  "client": [
    {
      "client_info": {
        "mobilesdk_app_id": "1:730160629259:android:e6038959d28d988c16290e",
        "android_client_info": {
          "package_name": "com.example.finalproject"
        }
      },
      "oauth_client": [
        {
          "client_id": "730160629259-c5pnhb22bfplutp7dstpp1p1vki5mcqu.apps.googleusercontent.com",
          "client_type": 3
        }
      ],
      "api_key": [
        {
          "current_key": "AIzaSyAxaG_gon0HiyrZ6m1rFt_eQfWxPjwx-Jg"
        }
      ],
      "services": {
        "appinvite_service": {
          "other_platform_oauth_client": [
            {
              "client_id": "730160629259-c5pnhb22bfplutp7dstpp1p1vki5mcqu.apps.googleusercontent.com",
              "client_type": 3
            }
          ]
        }
      }
    },
    {
      "client_info": {
        "mobilesdk_app_id": "1:730160629259:android:b3c96dcbadc390d616290e",
        "android_client_info": {
          "package_name": "com.example.newerfragment"
        }
      },
      "oauth_client": [
        {
          "client_id": "730160629259-c5pnhb22bfplutp7dstpp1p1vki5mcqu.apps.googleusercontent.com",
          "client_type": 3
        }
      ],
      "api_key": [
        {
          "current_key": "AIzaSyAxaG_gon0HiyrZ6m1rFt_eQfWxPjwx-Jg"
        }
      ],
      "services": {
        "appinvite_service": {
          "other_platform_oauth_client": [
            {
              "client_id": "730160629259-c5pnhb22bfplutp7dstpp1p1vki5mcqu.apps.googleusercontent.com",
              "client_type": 3
            }
          ]
        }
      }
    }
  ],
  "configuration_version": "1"
}